FID,OBJECTID,osm_id,code,fclass,name,Shape_Leng,AREA,Shape__Area,Shape__Length
1,1,28489677,8200,water, ,11255.63181,11255.63181,1.99E-05,0.037437205
2,2,28489680,8200,water, ,7917.742257,7917.742257,2.19E-05,0.025760431
3,6,29021036,8200,water, ,29687.09856,29687.09856,0.000127993,0.090712135
4,8,3563999,8200,water, ,156139.4577,156139.4577,0.000944739,0.493249411
5,9,29227419,8202,river, ,104502.5303,104502.5303,0.000731058,0.336256385
6,10,29227928,8200,water, ,6712.541531,6712.541531,5.88E-06,0.020116022
7,11,29228007,8200,water, ,14096.33795,14096.33795,1.16E-05,0.042732778
8,13,29228037,8200,water, ,6671.417568,6671.417568,4.40E-06,0.019913102
9,16,29228198,8200,water, ,6421.590475,6421.590475,5.09E-06,0.019457202
10,17,133894,8202,river, ,100329.7099,100329.7099,0.000708727,0.314339919
11,27,275741,8200,water, ,9884.209812,9884.209812,5.92E-06,0.031181643
12,36,40836243,8200,water, ,3730.623445,3730.623445,2.12E-06,0.011307874
13,38,40875748,8200,water,Simpson Park Lake,11345.62051,11345.62051,3.06E-05,0.034911772
14,42,275742,8200,water,River Des Peres,33244.33282,33244.33282,9.78E-06,0.107123894
15,47,41081321,8200,water, ,4454.09947,4454.09947,2.93E-06,0.014157847
16,58,41082617,8200,water, ,4559.52671,4559.52671,3.57E-06,0.014226654
17,65,41523164,8200,water, ,6054.91039,6054.91039,1.12E-05,0.018971401
18,74,42744934,8200,water, ,4952.026561,4952.026561,4.50E-06,0.015919016
19,80,301713,8200,water,Unger County Park Lake,5686.114436,5686.114436,1.02E-05,0.017496519
20,86,45535953,8200,water, ,6628.85735,6628.85735,2.34E-06,0.021034635
21,92,47623960,8200,water, ,7338.423685,7338.423685,1.01E-05,0.022913802
22,93,47634541,8200,water, ,6102.019379,6102.019379,8.96E-06,0.017971698
23,157,407376,8202,river,Gasconade River,1406667.405,1406667.405,0.001462887,4.381826188
24,199,52709265,8200,water,Lake Chesterfield,5484.101208,5484.101208,6.05E-06,0.016785422
25,233,57040795,8200,water, ,3757.215781,3757.215781,3.13E-06,0.01186801
26,248,59019398,8200,water, ,4389.906895,4389.906895,5.42E-06,0.013491841
27,249,59019592,8200,water, ,4172.202553,4172.202553,5.78E-06,0.013234319
28,261,60779243,8200,water, ,3716.862071,3716.862071,7.55E-06,0.011502436
29,262,60779322,8200,water, ,4001.258399,4001.258399,8.30E-06,0.012736596
30,266,60780462,8200,water, ,6835.538574,6835.538574,1.75E-05,0.022852071
31,269,60780504,8200,water, ,3987.565799,3987.565799,8.62E-06,0.011893033
32,283,65237255,8200,water, ,4677.478962,4677.478962,5.26E-06,0.014020657
33,320,78057492,8200,water,LakeView Lake,5704.511738,5704.511738,1.04E-05,0.018779354
34,321,78237295,8200,water,Teal Lake,11842.4938,11842.4938,3.33E-05,0.037267068
35,327,92944673,8200,water,Vanloo Lake,3826.231078,3826.231078,4.58E-06,0.011313081
36,343,109313672,8200,water, ,5369.320384,5369.320384,8.07E-06,0.016991138
37,344,110785978,8200,water,Bennitt Lake,18295.04792,18295.04792,1.86E-05,0.057110879
38,351,113880334,8221,wetland, ,10040.78719,10040.78719,1.66E-05,0.03161264
39,376,113880407,8200,water,Busch Wildlife Area Number 600 Lake,5647.912542,5647.912542,1.25E-05,0.016853082
40,394,113880444,8200,water, ,4132.282574,4132.282574,1.58E-06,0.012296506
41,395,113880448,8200,water, ,3850.913326,3850.913326,4.76E-06,0.011249383
42,445,113880587,8200,water, ,4418.300544,4418.300544,1.74E-06,0.01442367
43,456,113880606,8200,water, ,4805.798117,4805.798117,4.86E-06,0.014933502
44,461,113880676,8221,wetland, ,4527.967003,4527.967003,3.36E-06,0.013869523
45,513,113880800,8221,wetland,Marais Temps Clair,27181.09036,27181.09036,0.000141615,0.0891373
46,519,113880809,8200,water, ,5456.835176,5456.835176,9.83E-06,0.016401605
47,556,113880881,8200,water, ,3814.442926,3814.442926,1.78E-06,0.011837212
48,557,113880890,8200,water, ,3911.060103,3911.060103,3.76E-06,0.012421426
49,614,113881093,8200,water, ,5051.067011,5051.067011,5.89E-06,0.017046824
50,635,113881195,8200,water, ,7040.738685,7040.738685,1.52E-05,0.023025986
51,697,113881359,8200,water,Clyde Mosley Lake,4331.275857,4331.275857,6.77E-06,0.013624311
52,700,1592412,8200,water,Lake Number 35,13121.9641,13121.9641,2.10E-05,0.040855408
53,723,113881410,8200,water,Kraut Run Lake,17641.54297,17641.54297,6.88E-05,0.058067063
54,756,113881468,8221,wetland, ,4287.012677,4287.012677,1.66E-06,0.013491235
55,760,113881500,8221,wetland, ,5191.47663,5191.47663,1.22E-05,0.01607812
56,761,113881501,8221,wetland, ,8382.81217,8382.81217,1.40E-05,0.024759647
57,762,113881502,8221,wetland, ,6351.227067,6351.227067,2.05E-05,0.019737684
58,800,113881599,8221,wetland, ,5287.02137,5287.02137,8.40E-06,0.015871701
59,801,113881600,8221,wetland, ,6749.505321,6749.505321,7.64E-06,0.021285379
60,842,113881718,8221,wetland, ,11026.71621,11026.71621,1.40E-05,0.031991396
61,858,1592413,8200,water, ,6248.941737,6248.941737,6.02E-06,0.021074332
62,862,113881751,8200,water, ,3602.019194,3602.019194,1.02E-06,0.012235225
63,863,113881754,8200,water, ,6962.146562,6962.146562,3.38E-06,0.019616807
64,893,113881827,8200,water, ,4976.873509,4976.873509,1.40E-06,0.017164801
65,916,113881919,8221,wetland, ,4234.810221,4234.810221,4.37E-06,0.012653621
66,917,1592414,8221,wetland, ,4714.753935,4714.753935,3.91E-06,0.015027333
67,919,1592415,8200,water,Busch Area Lake Number 570,4495.209105,4495.209105,5.22E-06,0.013997674
68,934,113881947,8200,water, ,5211.549314,5211.549314,2.14E-06,0.01792129
69,937,113881985,8200,water, ,5110.312943,5110.312943,7.00E-06,0.016949238
70,939,113882009,8221,wetland, ,8002.087915,8002.087915,1.81E-05,0.02333115
71,952,113882060,8221,wetland, ,5178.558322,5178.558322,1.25E-05,0.016835805
72,964,113882094,8221,wetland, ,3921.374723,3921.374723,4.78E-06,0.01243379
73,972,113882102,8200,water, ,5961.375186,5961.375186,5.02E-06,0.020506227
74,976,113882162,8221,wetland,Dardenne Lake,20318.6142,20318.6142,0.000110039,0.064731693
75,983,113882205,8221,wetland, ,15569.92474,15569.92474,3.62E-05,0.051724808
76,1012,113882254,8200,water, ,6255.256378,6255.256378,8.70E-06,0.019915595
77,1033,113882339,8200,water, ,4592.688524,4592.688524,6.94E-06,0.015069645
78,1040,113882370,8200,water, ,3724.744126,3724.744126,1.52E-06,0.01144052
79,1044,113882410,8200,water, ,5812.75297,5812.75297,3.38E-06,0.018349468
80,1078,113882536,8221,wetland, ,5954.720323,5954.720323,6.24E-06,0.019179367
81,1100,113882567,8200,water,Barrett Lake,4754.128693,4754.128693,3.37E-06,0.015173979
82,1101,113882571,8200,water, ,6540.331992,6540.331992,2.32E-06,0.021176337
83,1103,1592416,8221,wetland, ,11212.24827,11212.24827,1.34E-05,0.032214159
84,1135,113882625,8200,water,Spatterdock Lake,20399.12259,20399.12259,3.17E-05,0.065765497
85,1139,113882651,8221,wetland, ,4021.43377,4021.43377,1.88E-06,0.012669517
86,1204,113882762,8221,wetland, ,8833.465338,8833.465338,3.45E-05,0.026459621
87,1214,113882772,8200,water, ,4034.488971,4034.488971,6.98E-06,0.013152127
88,1221,113882779,8200,water, ,3762.5392,3762.5392,2.75E-06,0.011044017
89,1244,113882864,8200,water,Cedar Knoll Farm Lake,5229.143125,5229.143125,6.44E-06,0.016633422
90,1246,113882868,8200,water, ,4756.168776,4756.168776,1.22E-05,0.015124153
91,1282,113882991,8200,water, ,4384.900559,4384.900559,5.45E-06,0.013763776
92,1292,1592418,8221,wetland, ,5972.773296,5972.773296,1.02E-05,0.019049794
93,1318,113883073,8200,water, ,7907.460869,7907.460869,6.25E-06,0.023774176
94,1339,113883132,8200,water, ,3554.764856,3554.764856,1.38E-06,0.011888827
95,1342,113883137,8200,water, ,5471.283421,5471.283421,3.82E-06,0.016638987
96,1347,1592419,8200,water, ,9839.878392,9839.878392,6.11E-06,0.030316844
97,1372,1592420,8200,water,Lake Sainte Louise,14367.08803,14367.08803,3.02E-05,0.046726292
98,1377,113883227,8200,water, ,5252.361564,5252.361564,1.62E-05,0.016282142
99,1380,113883243,8200,water,Poeling Lake,9648.363028,9648.363028,5.68E-06,0.02934962
100,1404,1592422,8200,water,August A Busch Lake Number 16,5058.719982,5058.719982,5.48E-06,0.016075227
101,1423,113883409,8221,wetland, ,4396.768084,4396.768084,1.24E-05,0.013582521
102,1424,113883410,8221,wetland, ,8097.308713,8097.308713,3.30E-05,0.023597975
103,1447,113883438,8200,water, ,7335.93219,7335.93219,4.05E-06,0.022337909
104,1453,113883470,8200,water,Busch Area Lake Number 40,9042.698952,9042.698952,1.41E-05,0.027706792
105,1496,1592423,8200,water, ,14167.66995,14167.66995,1.30E-05,0.046877396
106,1513,113883604,8200,water,Mononame 207 Reservoir,5996.419876,5996.419876,9.38E-06,0.018761637
107,1518,113883610,8200,water, ,4861.534801,4861.534801,3.61E-06,0.015017415
108,1546,113883684,8200,water,Twin Lakes,4263.885806,4263.885806,4.31E-06,0.012689412
109,1592,113883767,8221,wetland, ,7352.860139,7352.860139,5.79E-06,0.024112046
110,1623,113883805,8200,water, ,7790.117813,7790.117813,1.95E-06,0.025455524
111,1690,1592425,8200,water, ,5994.182989,5994.182989,7.30E-06,0.019317845
112,1697,113883987,8200,water, ,4021.358251,4021.358251,2.39E-06,0.012631843
113,1718,113884018,8200,water, ,6720.360034,6720.360034,6.21E-06,0.019899078
114,1738,113884097,8200,water,August A Busch Lake Number 6,4594.638996,4594.638996,8.34E-06,0.014517766
115,1740,113884099,8200,water,Airport Lake,12658.72644,12658.72644,9.57E-06,0.041623351
116,1769,113884150,8200,water, ,10564.5148,10564.5148,1.63E-05,0.030362671
117,1775,1592426,8200,water, ,64897.15975,64897.15975,0.000190783,0.206592281
118,1789,1592427,8201,reservoir,Busch Area Lake Number 51,5936.530617,5936.530617,6.41E-06,0.019149666
119,1819,113884310,8221,wetland, ,8534.22337,8534.22337,4.43E-06,0.028245377
120,1848,113884372,8221,wetland, ,13232.59795,13232.59795,9.68E-05,0.041232667
121,1851,113884386,8200,water, ,6923.922252,6923.922252,6.57E-06,0.020555924
122,1855,1592429,8200,water,Long Lake,32515.44515,32515.44515,2.86E-05,0.108583846
123,1857,113884419,8200,water, ,5710.979408,5710.979408,5.44E-06,0.019356113
124,1880,113884444,8200,water, ,3971.618554,3971.618554,1.45E-06,0.013684047
125,1882,113884446,8221,wetland, ,8027.251603,8027.251603,3.07E-05,0.023434536
126,1908,113884483,8200,water, ,3890.402507,3890.402507,2.72E-06,0.012345331
127,1914,113884508,8200,water,August A Busch Lake Number 8,4121.514343,4121.514343,6.30E-06,0.012580459
128,1933,113884554,8221,wetland, ,11687.99258,11687.99258,2.28E-05,0.035067344
129,1952,113884580,8200,water, ,6665.613814,6665.613814,1.01E-05,0.020066534
130,1961,113884592,8200,water,Howard F Brewer Lake,3490.179646,3490.179646,4.31E-06,0.011002488
131,1974,113884615,8200,water, ,5760.913618,5760.913618,8.05E-06,0.017792056
132,1975,113884621,8200,water, ,3768.746682,3768.746682,9.89E-07,0.011989778
133,1981,113884686,8221,wetland, ,10244.6896,10244.6896,4.45E-05,0.033347068
134,2004,113884721,8200,water, ,7055.448112,7055.448112,2.53E-06,0.022416143
135,2009,113884727,8200,water, ,5055.597808,5055.597808,5.36E-06,0.016064064
136,2010,113884728,8200,water, ,4489.091694,4489.091694,5.77E-06,0.014340002
137,2011,113884809,8200,water, ,4017.223952,4017.223952,2.86E-06,0.011926311
138,2014,113884871,8221,wetland, ,7377.972936,7377.972936,1.43E-05,0.024952461
139,2018,3280946,8200,water, ,263557.0537,263557.0537,0.001279704,0.818937851
140,2019,114003315,8202,river, ,35316.85815,35316.85815,1.06E-05,0.111298378
141,2020,114003325,8202,river, ,9010.647397,9010.647397,1.74E-06,0.028190707
142,2021,114003329,8202,river, ,31733.65835,31733.65835,9.41E-06,0.101000591
143,2022,114003740,8202,river, ,22127.51209,22127.51209,8.98E-06,0.067267917
144,2023,114004317,8202,river, ,66815.96342,66815.96342,1.92E-05,0.215004911
145,2027,114005632,8202,river, ,4070.65614,4070.65614,9.97E-07,0.013162212
146,2036,114005680,8202,river, ,4475.738552,4475.738552,1.10E-06,0.014948214
147,2039,114005701,8202,river, ,5551.336431,5551.336431,1.24E-06,0.018173319
148,2041,114005715,8202,river, ,4067.526889,4067.526889,1.11E-06,0.013107494
149,2042,114005725,8202,river, ,8283.864794,8283.864794,2.42E-06,0.02610673
150,2049,114005742,8202,river, ,28616.85041,28616.85041,2.27E-05,0.089685362
151,2050,114005750,8202,river, ,5841.681542,5841.681542,4.49E-06,0.017858447
152,2053,114009012,8200,water,BaratHaven Lake,4449.953768,4449.953768,6.37E-06,0.014817485
153,2066,115927085,8201,reservoir, ,6368.535552,6368.535552,1.63E-05,0.019581777
154,2078,135607995,8200,water, ,5307.711403,5307.711403,4.78E-06,0.01682805
155,2085,139303161,8200,water,Hulen Lake,5197.866315,5197.866315,7.49E-06,0.016035591
156,2091,145618107,8200,water,Cedar Lake,6947.225423,6947.225423,9.23E-06,0.022099758
157,2094,146280039,8200,water, ,3971.203239,3971.203239,7.75E-06,0.013263429
158,2096,146285388,8200,water, ,4634.710425,4634.710425,1.06E-05,0.013919117
159,2100,147096096,8200,water, ,3543.23284,3543.23284,3.82E-06,0.011590025
160,2102,149421591,8200,water, ,5388.743335,5388.743335,8.70E-06,0.017424788
161,2104,150582632,8202,river, ,5329.166502,5329.166502,5.57E-06,0.017692106
162,2105,150582633,8202,river, ,15876.14618,15876.14618,1.59E-05,0.055422569
163,2109,151230310,8201,reservoir,Lake Sherwood,3867.013771,3867.013771,4.28E-06,0.011950815
164,2125,154547578,8201,reservoir, ,3560.798402,3560.798402,3.31E-06,0.010158906
165,2128,154557715,8200,water, ,3741.347674,3741.347674,2.50E-06,0.011905657
166,2131,155917972,8202,river, ,17334.08911,17334.08911,1.60E-05,0.057602349
167,2132,155917975,8202,river, ,37337.94738,37337.94738,2.85E-05,0.124515642
168,2133,156070360,8202,river, ,45694.51966,45694.51966,2.99E-05,0.141635684
169,2134,156268979,8202,river, ,54790.76716,54790.76716,2.78E-05,0.173526954
170,2135,156269330,8202,river, ,60167.18377,60167.18377,2.84E-05,0.19551439
171,2136,156415443,8202,river, ,65365.63257,65365.63257,3.68E-05,0.201027041
172,2137,156742366,8202,river, ,67959.45504,67959.45504,5.09E-05,0.212369731
173,2142,157479601,8200,water, ,14140.41559,14140.41559,9.77E-06,0.045528638
174,2143,157479603,8200,water, ,4144.20977,4144.20977,1.83E-06,0.012627723
175,2146,157480093,8200,water, ,21068.30812,21068.30812,1.45E-05,0.065353861
176,2148,157480217,8200,water, ,5331.781622,5331.781622,2.78E-06,0.018208752
177,2151,157480616,8200,water, ,6297.68597,6297.68597,6.32E-06,0.019680603
178,2167,158593546,8200,water, ,3685.161308,3685.161308,1.90E-06,0.011711012
179,2181,162244430,8200,water, ,5665.474075,5665.474075,1.07E-05,0.018574854
180,2182,162244434,8200,water, ,3569.313088,3569.313088,7.23E-06,0.011581372
181,2183,162320576,8200,water, ,5847.700852,5847.700852,7.96E-06,0.019341618
182,2184,162320577,8200,water, ,6832.594015,6832.594015,1.84E-05,0.022523738
183,2197,166552449,8200,water,Brevator Lake,4672.61509,4672.61509,1.10E-05,0.014678893
184,2202,166606327,8201,reservoir, ,15368.95087,15368.95087,5.20E-05,0.045555733
185,2206,170487503,8202,river, ,46187.69289,46187.69289,3.27E-05,0.14658027
186,2208,2273493,8202,river,Meramec River,75112.84452,75112.84452,5.15E-05,0.231463905
187,2219,1717075,8200,water, ,4246.75348,4246.75348,1.54E-06,0.013146538
188,2222,179374246,8200,water, ,8668.41747,8668.41747,1.25E-05,0.027558849
189,2224,182725019,8200,water, ,41089.31076,41089.31076,0.000130833,0.125802675
190,2234,182971862,8200,water, ,10991.45703,10991.45703,3.11E-05,0.033336192
191,2235,182975278,8200,water, ,4128.581511,4128.581511,3.46E-06,0.01256362
192,2237,183101670,8200,water, ,3780.562604,3780.562604,2.58E-06,0.011962549
193,2243,183137109,8200,water, ,11193.40747,11193.40747,2.12E-05,0.034030546
194,2246,183138490,8200,water, ,4560.013789,4560.013789,6.39E-06,0.014377418
195,2253,186800558,8202,river, ,38267.18344,38267.18344,3.38E-05,0.119160854
196,2254,188714876,8200,water, ,3607.946653,3607.946653,4.88E-06,0.011372455
197,2255,188720403,8200,water, ,5259.653904,5259.653904,7.99E-06,0.016487086
198,2256,188723921,8200,water, ,5471.527476,5471.527476,8.08E-06,0.017903026
199,2257,188745396,8200,water, ,3899.057615,3899.057615,8.04E-06,0.011589294
200,2259,189239132,8200,water, ,12579.59252,12579.59252,2.95E-05,0.040969626
201,2261,189240181,8200,water, ,3691.972014,3691.972014,4.98E-06,0.011913705
202,2262,190520015,8201,reservoir, ,3654.79238,3654.79238,4.83E-06,0.011584136
203,2263,190522432,8201,reservoir, ,4308.040346,4308.040346,1.15E-05,0.013349691
204,2266,190624517,8201,reservoir,Ash Disposal Pond,6040.728326,6040.728326,2.02E-05,0.018419312
205,2317,2579304,8200,water, ,6178.854843,6178.854843,9.85E-06,0.019898577
206,2383,191436418,8200,water,Melody Lake,6865.297148,6865.297148,1.33E-05,0.022187269
207,2391,191552493,8201,reservoir,Lakewood Park Lake,6926.26397,6926.26397,1.20E-05,0.021806056
208,2392,191552493,8200,water,Lakewood Park Lake,6926.26397,6926.26397,1.20E-05,0.021806056
209,2406,192555001,8201,reservoir,Hornsey Brothers Lake,8307.747923,8307.747923,2.06E-05,0.025195418
210,2418,2675478,8202,river, ,11683.1332,11683.1332,3.29E-06,0.03680927
211,2419,2647123,8202,river,Meramec River,714593.9678,714593.9678,0.000984449,2.234347615
212,2420,2672559,8202,river, ,71049.01962,71049.01962,3.42E-05,0.22556112
213,2421,2672560,8202,river, ,104223.0494,104223.0494,4.14E-05,0.325243362
214,2423,204162525,8202,river, ,22704.39216,22704.39216,7.23E-06,0.07284587
215,2426,204392245,8200,water, ,6405.802651,6405.802651,8.64E-06,0.020762056
216,2433,204541530,8200,water, ,3778.770131,3778.770131,3.76E-06,0.01172662
217,2447,205207710,8200,water, ,4261.236325,4261.236325,4.50E-06,0.013580101
218,2449,205301665,8200,water, ,6220.463545,6220.463545,2.60E-06,0.020746348
219,2454,205425311,8202,river, ,18585.29668,18585.29668,4.11E-06,0.057915863
220,2455,205425312,8202,river, ,51840.83875,51840.83875,1.97E-05,0.163327439
221,2456,205425436,8202,river, ,5571.843645,5571.843645,1.17E-06,0.016739761
222,2457,205425438,8202,river, ,10849.53738,10849.53738,2.66E-06,0.032594574
223,2458,205432038,8202,river, ,37044.24781,37044.24781,9.59E-06,0.121631938
224,2459,205432039,8202,river, ,12132.32679,12132.32679,3.30E-06,0.041644648
225,2460,205432041,8202,river, ,25757.58601,25757.58601,6.93E-06,0.089088274
226,2461,205572973,8200,water, ,19308.91971,19308.91971,5.77E-05,0.062750633
227,2463,205577708,8200,water, ,12639.04801,12639.04801,7.85E-06,0.040641178
228,2464,205577709,8200,water, ,9019.350546,9019.350546,2.74E-06,0.0294248
229,2465,205577713,8200,water, ,10501.39123,10501.39123,3.26E-06,0.034803158
230,2466,205577716,8200,water, ,13599.80993,13599.80993,9.34E-06,0.041872849
231,2467,205578835,8200,water, ,5322.489409,5322.489409,1.99E-06,0.017643858
232,2472,205578848,8200,water, ,3559.28781,3559.28781,7.61E-06,0.010954773
233,2474,205578852,8200,water, ,5549.426735,5549.426735,8.10E-06,0.017880738
234,2475,205578853,8200,water, ,13013.36976,13013.36976,1.06E-05,0.041347545
235,2486,206137208,8201,reservoir,Pine Lake,6398.224769,6398.224769,8.08E-06,0.019598672
236,2487,206137208,8200,water,Pine Lake,6398.224769,6398.224769,8.08E-06,0.019598672
237,2488,206144917,8200,water, ,15901.58838,15901.58838,4.08E-05,0.049824046
238,2491,206147025,8200,water, ,3583.414441,3583.414441,4.71E-06,0.011213326
239,2492,206151603,8200,water, ,4163.850285,4163.850285,6.06E-06,0.012028297
240,2493,206151605,8200,water, ,4168.552007,4168.552007,3.20E-06,0.013053306
241,2502,206263966,8200,water,Kemp Lake,4650.834255,4650.834255,6.10E-06,0.015007497
242,2503,206378651,8200,water, ,9923.833592,9923.833592,2.18E-05,0.031650229
243,2504,206378653,8200,water, ,4028.978829,4028.978829,5.98E-06,0.012332653
244,2514,207202585,8200,water, ,5964.10796,5964.10796,8.13E-06,0.019434769
245,2515,207202586,8200,water, ,5465.91299,5465.91299,5.27E-06,0.017375055
246,2522,207612580,8200,water, ,6910.548928,6910.548928,1.47E-05,0.021550532
247,2524,207614670,8200,water, ,3845.691347,3845.691347,3.50E-06,0.012217058
248,2531,209032376,8200,water, ,5892.936395,5892.936395,8.16E-06,0.019134939
249,2538,213555215,8201,reservoir,Lac Capri,15112.71601,15112.71601,4.42E-05,0.046184214
250,2539,213555215,8200,water,Lac Capri,15112.71601,15112.71601,4.42E-05,0.046184214
251,2544,213561061,8200,water, ,12746.49568,12746.49568,2.38E-05,0.039507892
252,2548,216710161,8200,water, ,8639.331516,8639.331516,1.21E-05,0.026260668
253,2549,216710162,8200,water, ,10890.00475,10890.00475,2.05E-05,0.033863061
254,2556,217342768,8200,water, ,8902.333511,8902.333511,2.03E-05,0.027967027
255,2560,217436737,8200,water, ,9302.351955,9302.351955,1.50E-05,0.028829386
256,2564,218033586,8200,water, ,3895.141681,3895.141681,3.14E-06,0.012084904
257,2566,220510218,8200,water,Conservation Club Lake,4407.715026,4407.715026,6.16E-06,0.013410832
258,2575,2931097,8200,water, ,84911.52923,84911.52923,3.31E-05,0.262492668
259,2576,2931097,8202,river, ,84911.52923,84911.52923,3.31E-05,0.262492668
260,2597,230724949,8200,water, ,3829.5443,3829.5443,3.31E-06,0.011747042
261,2601,232622981,8200,water,Junior Lake,5627.125372,5627.125372,7.67E-06,0.01777361
262,2602,232816083,8200,water, ,14154.47456,14154.47456,2.82E-05,0.043649735
263,2611,233193526,8200,water, ,5926.776472,5926.776472,8.63E-06,0.018117919
264,2661,237055492,8200,water,Spanish Lake,8366.490158,8366.490158,1.37E-05,0.024609072
265,2689,242562258,8200,water, ,11877.62226,11877.62226,2.12E-05,0.037528245
266,2690,3278760,8200,water, ,56717.17989,56717.17989,7.34E-05,0.188691108
267,2693,242618285,8200,water, ,7867.631031,7867.631031,8.33E-06,0.023726238
268,2694,3278761,8200,water, ,33415.64144,33415.64144,2.72E-05,0.106068718
269,2705,243448690,8201,reservoir,Lone Elk Reservoir,3856.009541,3856.009541,5.66E-06,0.012286649
270,2720,252956236,8200,water,Innsbrook lake #1,24489.48922,24489.48922,5.84E-05,0.077494543
271,2721,252958148,8200,water,Innsbrook Lake #2,57991.48972,57991.48972,0.000116054,0.181306497
272,2722,252958566,8200,water,Innsbrook Lake #1.5,8937.085553,8937.085553,1.12E-05,0.027009861
273,2724,252959144,8200,water,Innsbrook Lake #1.7,3545.536016,3545.536016,2.17E-06,0.011061023
274,2758,263510914,8200,water, ,3905.738493,3905.738493,2.84E-06,0.01188078
275,2774,268514571,8200,water, ,5599.294319,5599.294319,3.29E-06,0.017411023
276,2785,276152801,8200,water, ,3542.16938,3542.16938,3.35E-06,0.010676091
277,2798,286877287,8200,water, ,8245.706951,8245.706951,1.55E-05,0.025784312
278,2799,2086865,8200,water, ,17493.11567,17493.11567,2.59E-05,0.053387379
279,2800,288966440,8200,water, ,4736.459819,4736.459819,7.40E-06,0.015030109
280,2803,290726142,8200,water, ,5184.136279,5184.136279,9.31E-06,0.016597452
281,2815,301032360,8200,water,Rain Tree Lake,23289.64268,23289.64268,4.76E-05,0.071747657
282,2818,303861288,8200,water, ,27740.47688,27740.47688,5.24E-05,0.08748624
283,2819,2647124,8200,water, ,1052914.24,1052914.24,0.00055397,3.285571058
284,2820,2647124,8202,river, ,1052914.24,1052914.24,0.00055397,3.285571058
285,2852,316665847,8200,water, ,30995.09985,30995.09985,5.61E-05,0.099058815
286,2858,319520566,8200,water,Binder Lake,17715.45178,17715.45178,5.78E-05,0.054519329
287,2869,329511747,8200,water, ,7726.989131,7726.989131,1.13E-05,0.024181755
288,2874,330460387,8200,water, ,9923.504669,9923.504669,1.16E-05,0.03080746
289,2880,331317238,8200,water, ,3605.281013,3605.281013,5.54E-06,0.01151377
290,2881,331317239,8200,water, ,5139.071413,5139.071413,1.07E-05,0.016351949
291,2882,331317240,8200,water, ,4779.755993,4779.755993,7.63E-06,0.014672821
292,2886,338916914,8200,water,Lake Washington,4078.131599,4078.131599,4.49E-06,0.013349597
293,2895,341308048,8200,water,Little Prairie Lake,13408.11953,13408.11953,3.94E-05,0.04230554
294,2935,350715795,8200,water, ,13198.60393,13198.60393,6.13E-05,0.043305269
295,2936,350715798,8200,water, ,5141.076655,5141.076655,1.13E-05,0.016144051
296,2943,350715838,8200,water, ,3705.238212,3705.238212,2.56E-06,0.011880857
297,2950,350717849,8200,water, ,10209.24513,10209.24513,1.63E-05,0.033261744
298,2956,350721083,8200,water, ,3917.225014,3917.225014,1.02E-05,0.012254236
299,2962,360589256,8200,water,Lake Anne,17290.23466,17290.23466,3.49E-05,0.052827051
300,2963,360589258,8200,water,Lake Marian,3847.275681,3847.275681,4.16E-06,0.012395416
301,2965,361812675,8200,water, ,5457.750523,5457.750523,2.59E-06,0.017012524
302,2972,365221975,8200,water, ,5226.982782,5226.982782,7.75E-06,0.016215388
303,2973,365592835,8200,water,Loutre Valley Lake,4671.467823,4671.467823,7.33E-06,0.014450545
304,2974,365774735,8200,water,Peaceful Valley Lake,23496.83194,23496.83194,6.77E-05,0.071545706
305,2978,370672238,8200,water, ,4636.693445,4636.693445,4.87E-06,0.014050676
306,2985,372546678,8200,water,Lake Mykee,7537.575179,7537.575179,1.58E-05,0.023745405
307,2997,376193534,8200,water, ,6233.75958,6233.75958,7.93E-06,0.019595233
308,3001,376215074,8200,water, ,5273.235785,5273.235785,7.35E-06,0.01645971
309,3010,381529420,8200,water,Wildwood Lake,5718.48992,5718.48992,7.54E-06,0.017997586
310,3011,381640147,8200,water,River Cement Company Lake,4949.999882,4949.999882,5.86E-06,0.015076926
311,3020,381846353,8200,water,Lake Tekakwitha,4440.04238,4440.04238,6.62E-06,0.014231801
312,3022,381876538,8200,water, ,12687.01729,12687.01729,6.50E-06,0.040180544
313,3041,386732327,8200,water, ,3976.063048,3976.063048,3.73E-06,0.012362584
314,3042,386732329,8200,water, ,3986.419596,3986.419596,2.69E-06,0.012327336
315,3047,5755989,8200,water, ,4197.896328,4197.896328,5.28E-06,0.013345859
316,3048,386732365,8200,water,Forest Lake,7634.148379,7634.148379,1.28E-05,0.024053018
317,3049,386732370,8200,water,Incline Village Lake,29552.9226,29552.9226,7.01E-05,0.095834445
318,3050,386886298,8200,water, ,4755.324927,4755.324927,1.06E-05,0.015871978
319,3051,386886300,8200,water, ,6019.702416,6019.702416,1.37E-05,0.020392314
320,3055,387240807,8200,water,Waters Edge Estates Lake,6549.83577,6549.83577,8.06E-06,0.021287541
321,3056,387252674,8200,water, ,7812.92144,7812.92144,1.79E-05,0.023930334
322,3059,5767794,8200,water,Pinnacle Lake,23352.02164,23352.02164,4.88E-05,0.071017987
323,3061,388152947,8200,water,Givens Number 1 Lake,5298.986065,5298.986065,8.34E-06,0.017005536
324,3062,388583377,8200,water, ,17031.67587,17031.67587,8.93E-06,0.054422302
325,3076,391632464,8200,water,Hough Park Lake,3734.232298,3734.232298,4.60E-06,0.010992686
326,3082,5910262,8200,water, ,12621.71621,12621.71621,1.91E-05,0.039837018
327,3084,5910261,8200,water,Lake Sherwood,29761.91388,29761.91388,5.74E-05,0.092540016
328,3086,393918562,8200,water,Inman Lake,3930.017914,3930.017914,5.88E-06,0.012262234
329,3087,393918569,8200,water,Lake Marian,3644.672565,3644.672565,3.44E-06,0.010680887
330,3097,396235153,8200,water,Lake Montowese,7476.989386,7476.989386,1.66E-05,0.023338935
331,3098,396534238,8200,water,Goose Creek Lake,51102.20258,51102.20258,0.000128292,0.162754492
332,3103,396543672,8200,water,Cole Lake,9631.10192,9631.10192,1.66E-05,0.029509579
333,3105,396543675,8200,water,Goff Spring Lake,6404.89853,6404.89853,5.58E-06,0.019158688
334,3106,396543678,8200,water,Lake Primrose,9177.688542,9177.688542,1.40E-05,0.028161521
335,3107,396543680,8200,water,Lake Timberline,12551.76126,12551.76126,1.77E-05,0.037652552
336,3110,396543684,8200,water,Wahoo Lake,4354.196243,4354.196243,4.47E-06,0.013161538
337,3111,396946934,8200,water, ,11403.09069,11403.09069,1.88E-05,0.035451778
338,3112,397905529,8200,water, ,3877.125883,3877.125883,2.89E-06,0.012327812
339,3113,397905532,8200,water,Sayersbrook Lake,9664.896612,9664.896612,1.71E-05,0.029921684
340,3116,400903080,8200,water, ,7130.612276,7130.612276,2.08E-06,0.022468368
341,3126,414240451,8200,water, ,17960.21092,17960.21092,3.80E-05,0.056262405
342,3132,416560500,8200,water,Millersburg Quarry,4817.968151,4817.968151,2.38E-06,0.014529824
343,3169,417069926,8200,water,Little Dixie Lake,27152.35639,27152.35639,7.84E-05,0.085904411
344,3175,417135684,8200,water, ,4011.966418,4011.966418,4.90E-06,0.012806402
345,3181,417178789,8221,wetland, ,5505.090079,5505.090079,1.57E-06,0.017890266
346,3195,421669329,8200,water, ,9911.798645,9911.798645,2.29E-05,0.030745171
347,3197,421669342,8200,water, ,16619.25856,16619.25856,2.37E-05,0.051428686
348,3210,422549967,8200,water,Moon Valley Lake Dam,3728.885382,3728.885382,2.33E-06,0.011644796
349,3216,433768940,8200,water, ,15690.31694,15690.31694,2.04E-05,0.050171023
350,3219,433768943,8200,water, ,23437.4244,23437.4244,2.92E-05,0.073946634
351,3220,433844920,8200,water, ,6307.604948,6307.604948,6.51E-06,0.020132479
352,3228,436081193,8200,water, ,3916.74176,3916.74176,3.58E-06,0.012957818
353,3237,437397998,8201,reservoir,Cedar Hill Lake Number 1,4275.235368,4275.235368,4.64E-06,0.01279821
354,3238,437398000,8201,reservoir,Cedar Hill Lake Number 2,3703.86546,3703.86546,4.25E-06,0.011219648
355,3242,437401621,8200,water, ,14335.37295,14335.37295,3.18E-05,0.044106531
356,3253,416464998,8200,water,Windmiller Dam Number 1,4967.885444,4967.885444,9.42E-06,0.015029335
357,3286,444992273,8200,water, ,4828.772167,4828.772167,8.09E-06,0.014405007
358,3294,2307560,8202,river, ,197981.9608,197981.9608,0.001261497,0.634206359
359,3296,28728538,8200,water, ,6511.930628,6511.930628,3.92E-06,0.019973488
360,3297,3278762,8200,water, ,44752.36658,44752.36658,6.26E-05,0.136378873
361,3298,29062430,8200,water, ,40766.92665,40766.92665,2.85E-05,0.119268884
362,3299,29062480,8200,water, ,7347.627864,7347.627864,5.23E-06,0.023027194
363,3300,29062488,8200,water, ,4734.870828,4734.870828,3.33E-06,0.014382505
364,3302,29062512,8200,water, ,20971.43298,20971.43298,1.62E-05,0.063672247
365,3303,3278764,8200,water, ,130581.313,130581.313,0.0009825,0.431401034
366,3304,4051888,8200,water, ,25295.44014,25295.44014,3.10E-05,0.076093015
367,3305,29062556,8202,river, ,19633.93167,19633.93167,8.40E-05,0.063263862
368,3306,29109774,8200,water, ,8357.470284,8357.470284,2.46E-05,0.026576069
369,3307,29109785,8200,water, ,5921.742407,5921.742407,1.80E-05,0.017965425
370,3308,29109867,8200,water, ,13700.04597,13700.04597,3.59E-05,0.041391271
371,3310,29109919,8200,water, ,4198.791518,4198.791518,5.76E-06,0.012993553
372,3311,29109931,8200,water, ,4027.052436,4027.052436,6.92E-06,0.01292964
373,3313,29109990,8200,water, ,16018.14979,16018.14979,8.70E-05,0.053132432
374,3314,29110004,8200,water, ,3741.776727,3741.776727,7.79E-06,0.011713009
375,3315,29203791,8202,river, ,41705.44461,41705.44461,0.000209549,0.131991229
376,3316,29203808,8200,water, ,42300.86648,42300.86648,0.000579572,0.134592438
377,3317,29214300,8200,water, ,9854.009016,9854.009016,2.86E-05,0.031545643
378,3322,29214344,8200,water, ,3511.620311,3511.620311,3.71E-06,0.011087542
379,3324,29214399,8200,water, ,19917.29878,19917.29878,8.85E-05,0.062819979
380,3325,29224759,8200,water, ,74057.6813,74057.6813,0.000616132,0.22964728
381,3328,29224782,8200,water, ,5295.307018,5295.307018,4.52E-06,0.016473696
382,3330,29224846,8200,water, ,15717.10112,15717.10112,4.44E-05,0.049250365
383,3333,29224874,8200,water, ,7397.918706,7397.918706,1.72E-05,0.02407878
384,3334,29224880,8200,water, ,17687.12586,17687.12586,6.97E-05,0.058374993
385,3335,3563999,8200,water, ,156139.4577,156139.4577,0.000944739,0.493249411
386,3336,29227419,8202,river, ,104502.5303,104502.5303,0.000731058,0.336256385
387,3337,29408542,8202,river, ,35294.66413,35294.66413,7.48E-05,0.105233737
388,3338,133894,8202,river, ,100329.7099,100329.7099,0.000708727,0.314339919
389,3339,35416898,8200,water, ,91348.81337,91348.81337,0.000248409,0.285290608
390,3340,237191,8202,river, ,1850389.699,1850389.699,0.00420568,5.642515465
391,3344,103736851,8201,reservoir,Godfrey Pond,3932.023638,3932.023638,3.92E-06,0.012395529
392,3345,103736851,8200,water,Godfrey Pond,3932.023638,3932.023638,3.92E-06,0.012395529
393,3349,109495889,8202,river, ,9057.800391,9057.800391,9.18E-06,0.026400919
394,3353,113880323,8200,water, ,4667.898278,4667.898278,3.14E-06,0.014858901
395,3385,113880451,8200,water,Downing Pond,3522.7147,3522.7147,2.50E-06,0.011367288
396,3393,113880459,8200,water, ,3539.323178,3539.323178,2.07E-06,0.01138843
397,3408,113880483,8200,water, ,9243.968417,9243.968417,5.41E-06,0.030935468
398,3415,113880490,8200,water, ,3647.881719,3647.881719,2.08E-06,0.011107769
399,3419,1592409,8200,water, ,3693.371146,3693.371146,2.22E-06,0.011463211
400,3460,113880566,8221,wetland, ,4419.221265,4419.221265,4.00E-06,0.014638073
401,3480,113880650,8200,water, ,5128.161551,5128.161551,6.76E-06,0.016625671
402,3491,1592411,8200,water,Lake Piasa,6397.581011,6397.581011,6.03E-06,0.020188677
403,3532,113880761,8221,wetland, ,9277.405244,9277.405244,2.80E-06,0.030030316
404,3588,113880913,8221,wetland, ,3691.358395,3691.358395,2.15E-06,0.011813929
405,3633,113881093,8200,water, ,5051.067011,5051.067011,5.89E-06,0.017046824
406,3647,113881162,8200,water, ,4494.877625,4494.877625,1.85E-06,0.014109766
407,3727,113881351,8200,water, ,5932.286309,5932.286309,3.37E-06,0.019094085
408,3750,113881492,8200,water,Bunker Hill Reservoir Number 2,4531.829824,4531.829824,3.60E-06,0.01418166
409,3818,113881645,8200,water, ,4113.895732,4113.895732,2.38E-06,0.012927431
410,3859,113881719,8221,wetland, ,3489.351601,3489.351601,2.55E-06,0.012005333
411,3866,113881758,8201,reservoir,Alton Twin Lakes South Lake,3573.595385,3573.595385,5.10E-06,0.011404087
412,3867,113881758,8200,water,Alton Twin Lakes South Lake,3573.595385,3573.595385,5.10E-06,0.011404087
413,3868,113881760,8200,water, ,6247.820028,6247.820028,6.27E-06,0.019324038
414,3924,113881953,8200,water,Alton-Woodriver Sportsmens Reservoir,6091.935373,6091.935373,5.13E-06,0.019378402
415,3942,113881971,8200,water,Evergreen Lake,7256.247378,7256.247378,5.15E-06,0.023058302
416,4016,113882079,8200,water,Briarwood Lake,10603.47445,10603.47445,7.48E-06,0.03309037
417,4027,113882092,8201,reservoir, ,3796.658515,3796.658515,7.51E-06,0.011654673
418,4038,113882116,8200,water, ,4945.59935,4945.59935,2.90E-06,0.015511122
419,4156,113882413,8200,water, ,6473.13174,6473.13174,5.49E-06,0.020086667
420,4186,113882448,8200,water, ,3865.504425,3865.504425,2.41E-06,0.012524935
421,4214,113882566,8200,water, ,6129.340076,6129.340076,1.52E-05,0.018273205
422,4218,113882571,8200,water, ,6540.331992,6540.331992,2.32E-06,0.021176337
423,4233,113882610,8200,water, ,8348.301378,8348.301378,2.41E-05,0.026000312
424,4234,113882611,8200,water,Smith Lake (Historical),3647.913827,3647.913827,7.77E-06,0.011133772
425,4254,113882647,8200,water,Bunker Hill Old Lake,4595.187573,4595.187573,5.72E-06,0.013624108
426,4341,113882947,8200,water,Old Channel Wood River,7657.771705,7657.771705,3.24E-06,0.023696307
427,4343,113882959,8200,water,Paridise Lake,3942.832616,3942.832616,4.08E-06,0.013208439
428,4363,113882980,8201,reservoir, ,3494.356938,3494.356938,5.85E-06,0.010462028
429,4388,113883069,8200,water, ,6182.940686,6182.940686,1.40E-05,0.01878093
430,4392,113883076,8200,water, ,3792.668691,3792.668691,2.15E-06,0.011687374
431,4420,113883141,8200,water, ,5599.370612,5599.370612,1.53E-06,0.017861014
432,4422,1592419,8200,water, ,9839.878392,9839.878392,6.11E-06,0.030316844
433,4437,113883163,8200,water,Rowden Lake,6074.159526,6074.159526,4.45E-06,0.019123508
434,4500,113883438,8200,water, ,7335.449169,7335.449169,4.05E-06,0.022336072
435,4531,113883478,8200,water, ,4020.348642,4020.348642,2.07E-06,0.012523525
436,4533,1592423,8200,water, ,14167.66995,14167.66995,1.30E-05,0.046877396
437,4633,113883897,8200,water, ,4851.714167,4851.714167,4.41E-06,0.013751461
438,4716,113884099,8200,water,Airport Lake,12658.72644,12658.72644,9.57E-06,0.041623351
439,4781,113884242,8200,water,Craig Lake,5384.544103,5384.544103,4.10E-06,0.017076634
440,4851,1592429,8200,water,Long Lake,32515.44515,32515.44515,2.86E-05,0.108583846
441,4863,113884419,8200,water, ,5710.979408,5710.979408,5.44E-06,0.019356113
442,4919,113884726,8200,water, ,4561.530317,4561.530317,2.12E-06,0.013829855
443,4936,113884786,8200,water,Illinois No Name Number 2042 Reservoir,5030.53253,5030.53253,3.20E-06,0.015593848
444,4965,3280946,8200,water, ,263546.1581,263546.1581,0.001280015,0.8188909
445,4967,114005691,8202,river, ,52204.58411,52204.58411,2.80E-05,0.181155399
446,4968,114005756,8202,river, ,4163.810661,4163.810661,1.10E-06,0.012161142
447,4969,1592431,8202,river, ,1838868.578,1838868.578,0.004204257,5.605599329
448,4970,129241209,8201,reservoir,Tower Lake,18881.06125,18881.06125,2.70E-05,0.061391076
449,4971,129241209,8200,water,Tower Lake,18881.06125,18881.06125,2.70E-05,0.061391076
450,4972,129282246,8200,water,Mallard Lake,8193.018743,8193.018743,2.04E-05,0.025922946
451,4973,130453411,8202,river, ,11434.41585,11434.41585,2.30E-05,0.033455943
452,4974,1766805,8202,river, ,63215.60016,63215.60016,0.000331969,0.191483874
453,4975,132904981,8200,water, ,33419.6394,33419.6394,5.63E-05,0.10466083
454,4976,132904982,8200,water, ,3601.596158,3601.596158,5.21E-06,0.01158006
455,4997,143890370,8200,water,Holiday Lake,76696.13192,76696.13192,0.000118742,0.239018335
456,4999,143914639,8200,water,SuTwan Lake,5316.684933,5316.684933,4.85E-06,0.016913749
457,5004,143916411,8200,water, ,3508.912889,3508.912889,3.00E-06,0.011091434
458,5008,153058696,8201,reservoir, ,3622.548921,3622.548921,3.37E-06,0.011140082
459,5011,153062337,8200,water,Eagle Lake,7907.500064,7907.500064,8.01E-06,0.024336337
460,5015,155292016,8200,water,Moredock Lake,47331.46518,47331.46518,0.000176571,0.149439142
461,5018,2116401,8200,water, ,5883.213417,5883.213417,7.61E-06,0.017585807
462,5023,177210076,8200,water, ,3755.665801,3755.665801,7.24E-06,0.011182674
463,5029,179303430,8200,water, ,58263.10752,58263.10752,0.000120712,0.166728574
464,5030,179303431,8200,water, ,80322.96586,80322.96586,0.000566729,0.234865739
465,5031,179303432,8200,water, ,15288.03927,15288.03927,8.07E-05,0.044006811
466,5032,179303433,8200,water, ,38801.77007,38801.77007,0.000232724,0.114532233
467,5033,179304011,8200,water, ,16301.96849,16301.96849,7.80E-05,0.048296332
468,5039,184262301,8200,water, ,3847.039049,3847.039049,6.94E-06,0.012766515
469,5041,184563306,8200,water, ,3557.472685,3557.472685,2.82E-06,0.011102637
470,5042,184564362,8200,water, ,11925.45688,11925.45688,1.67E-05,0.038027099
471,5044,184578797,8200,water, ,3716.892087,3716.892087,2.50E-06,0.011414412
472,5049,2536902,8201,reservoir,Lake Glenn Shoals,133417.4553,133417.4553,0.000456652,0.415853177
473,5050,2536902,8200,water,Lake Glenn Shoals,133417.4553,133417.4553,0.000456652,0.415853177
474,5051,188354254,8201,reservoir,Tall Timbers Lake East,7287.220404,7287.220404,5.93E-06,0.023533288
475,5052,188354254,8200,water,Tall Timbers Lake East,7287.220404,7287.220404,5.93E-06,0.023533288
476,5053,188354265,8201,reservoir,Staunton Reservoir,31787.74686,31787.74686,5.55E-05,0.10080711
477,5054,188354265,8200,water,Staunton Reservoir,31787.74686,31787.74686,5.55E-05,0.10080711
478,5055,188354281,8201,reservoir,Tall Timbers Lake West,4082.655415,4082.655415,2.98E-06,0.012380876
479,5056,188354281,8200,water,Tall Timbers Lake West,4082.655415,4082.655415,2.98E-06,0.012380876
480,5060,188355233,8200,water, ,6461.776706,6461.776706,5.47E-06,0.020264312
481,5086,4051889,8202,river, ,87854.49617,87854.49617,0.000217281,0.258137118
482,5090,198217201,8200,water, ,6822.183751,6822.183751,7.03E-06,0.020374856
483,5092,198217236,8200,water, ,3700.619526,3700.619526,2.61E-06,0.01179867
484,5098,198217666,8200,water,Silver Lake,4078.358575,4078.358575,9.22E-06,0.013104757
485,5099,198217732,8200,water, ,4093.015217,4093.015217,7.87E-06,0.013267772
486,5112,198389482,8200,water, ,5716.053769,5716.053769,3.68E-06,0.017709049
487,5117,198403721,8200,water, ,3565.619109,3565.619109,1.70E-06,0.011648575
488,5118,198403978,8200,water, ,3956.92001,3956.92001,3.72E-06,0.011812381
489,5120,198858525,8200,water,Yoch Lake,5232.228766,5232.228766,5.03E-06,0.016428122
490,5122,198858583,8201,reservoir,Inez Lake,3503.246874,3503.246874,1.68E-06,0.010665299
491,5123,198858583,8200,water,Inez Lake,3503.246874,3503.246874,1.68E-06,0.010665299
492,5124,198858879,8200,water, ,4319.778598,4319.778598,3.46E-06,0.013709445
493,5128,198858986,8200,water, ,4977.893695,4977.893695,4.72E-06,0.014629182
494,5133,199274591,8200,water, ,3578.852512,3578.852512,1.83E-06,0.011970433
495,5134,199274678,8200,water, ,6806.222116,6806.222116,2.78E-06,0.021328546
496,5135,199274839,8200,water, ,4980.640308,4980.640308,2.04E-06,0.016267195
497,5140,199275578,8200,water, ,4280.459686,4280.459686,2.26E-06,0.013485052
498,5142,199577112,8200,water,Scott Lake,4603.043935,4603.043935,5.05E-06,0.01423235
499,5173,202761895,8200,water, ,25116.10733,25116.10733,4.26E-05,0.077956726
500,5177,203310338,8200,water, ,6638.596813,6638.596813,4.60E-06,0.020092829
501,5197,207216972,8200,water,Silver Lake,8714.615627,8714.615627,1.89E-05,0.026577363
502,5198,207216995,8200,water, ,5023.458557,5023.458557,9.46E-06,0.015392672
503,5206,210638621,8200,water, ,5278.552951,5278.552951,3.74E-06,0.017363605
504,5207,210641169,8200,water, ,11015.19311,11015.19311,1.34E-05,0.03754713
505,5208,210641171,8200,water, ,5734.473339,5734.473339,3.78E-06,0.019248533
506,5209,210641172,8200,water, ,4715.260552,4715.260552,4.26E-06,0.016016554
507,5212,210641176,8200,water, ,4969.525447,4969.525447,4.38E-06,0.016616161
508,5213,210641178,8200,water, ,6018.021474,6018.021474,5.16E-06,0.020128157
509,5214,217443753,8200,water, ,3807.638529,3807.638529,2.46E-06,0.012131294
510,5219,217460159,8202,river, ,17749.39259,17749.39259,3.68E-05,0.051784502
511,5220,217460163,8202,river, ,53668.45182,53668.45182,0.000112521,0.166018309
512,5221,217460170,8202,river, ,34028.50219,34028.50219,6.95E-05,0.104297324
513,5223,217869298,8202,river, ,36929.51354,36929.51354,7.46E-05,0.115812987
514,5231,220553133,8200,water, ,3926.459088,3926.459088,2.55E-06,0.011992736
515,5234,220554658,8200,water, ,5940.827289,5940.827289,5.28E-06,0.018519223
516,5238,220963312,8200,water, ,8331.724287,8331.724287,5.67E-06,0.025880384
517,5250,226059864,8200,water, ,5468.292298,5468.292298,7.07E-06,0.017465418
518,5257,1723469,8200,water,Carlyle Lake,476805.4995,476805.4995,0.009565361,1.48220601
519,5258,233513325,8200,water, ,8483.730857,8483.730857,7.26E-06,0.025587148
520,5260,233587583,8200,water, ,4446.6259,4446.6259,2.79E-06,0.014453656
521,5263,237140693,8200,water,Long Lake,7063.368648,7063.368648,6.27E-06,0.021597384
522,5264,237141325,8200,water, ,6688.80231,6688.80231,9.92E-07,0.021592014
523,5269,237144526,8200,water, ,5655.921492,5655.921492,1.50E-05,0.017713458
524,5270,237144712,8200,water,Chouteau Slough,6639.87157,6639.87157,6.19E-06,0.020777353
525,5285,237150047,8200,water, ,4081.701878,4081.701878,8.29E-06,0.012111692
526,5286,237150889,8200,water, ,3833.110679,3833.110679,4.43E-06,0.012133395
527,5287,237152404,8200,water, ,8083.990535,8083.990535,1.06E-05,0.024874298
528,5290,237160827,8200,water,Long Lake,22220.72898,22220.72898,1.77E-05,0.067380545
529,5301,237168006,8200,water, ,6289.850689,6289.850689,4.75E-06,0.019596557
530,5306,237170648,8200,water, ,7975.731626,7975.731626,4.75E-06,0.026766224
531,5307,237238044,8200,water, ,18403.01838,18403.01838,9.67E-05,0.056259142
532,5309,237267456,8200,water, ,8953.642969,8953.642969,1.35E-06,0.028466211
533,5316,237295593,8200,water, ,3637.83763,3637.83763,2.06E-06,0.010819418
534,5331,237301024,8200,water, ,4464.749584,4464.749584,2.68E-06,0.01510995
535,5334,237302292,8200,water, ,3576.223977,3576.223977,2.21E-06,0.010544433
536,5335,237302557,8200,water, ,3619.677238,3619.677238,5.07E-06,0.011645411
537,5337,237304622,8200,water, ,7750.141421,7750.141421,1.58E-05,0.023637441
538,5340,237305128,8200,water, ,4324.830487,4324.830487,1.29E-06,0.012656451
539,5342,237305778,8200,water, ,4434.955745,4434.955745,3.94E-06,0.014246959
540,5359,237308253,8200,water, ,9645.984362,9645.984362,4.66E-06,0.028714522
541,5367,237310443,8200,water, ,4671.678374,4671.678374,1.69E-06,0.014578877
542,5368,237310493,8200,water, ,5527.626223,5527.626223,1.85E-06,0.016955497
543,5373,237314584,8200,water, ,8074.106924,8074.106924,2.61E-06,0.024088773
544,5374,237314821,8200,water, ,5277.24978,5277.24978,2.15E-06,0.015428673
545,5377,237315384,8200,water, ,4443.283264,4443.283264,6.58E-07,0.014289432
546,5378,237316315,8200,water, ,8650.274895,8650.274895,3.42E-06,0.026238508
547,5379,237317113,8200,water, ,7228.662861,7228.662861,3.57E-06,0.023460948
548,5382,237317854,8200,water, ,5699.419334,5699.419334,1.62E-06,0.016717976
549,5384,237317969,8200,water, ,3589.657697,3589.657697,3.38E-07,0.011191213
550,5390,237320725,8200,water, ,13525.9805,13525.9805,5.98E-06,0.043551916
551,5411,237391150,8200,water, ,5949.478093,5949.478093,6.01E-06,0.018287691
552,5415,237393926,8200,water, ,13532.52982,13532.52982,6.72E-06,0.040597546
553,5422,237394756,8200,water, ,4058.443956,4058.443956,1.37E-06,0.013164146
554,5430,237396515,8200,water, ,5051.62473,5051.62473,1.26E-05,0.016268815
555,5436,237398895,8200,water, ,12288.70489,12288.70489,9.20E-06,0.038561845
556,5448,237404758,8200,water, ,4829.094888,4829.094888,4.04E-07,0.016005352
557,5451,237405802,8200,water, ,4950.594046,4950.594046,3.13E-07,0.016400745
558,5453,237414630,8200,water, ,14724.60449,14724.60449,1.75E-06,0.044838736
559,5456,237421438,8200,water, ,3736.381363,3736.381363,8.98E-06,0.011466398
560,5460,237458653,8200,water, ,8465.975521,8465.975521,4.67E-06,0.027530774
561,5461,237530894,8200,water, ,20312.68773,20312.68773,1.37E-05,0.064000491
562,5463,237582063,8200,water,Edelhardt Lake,5716.11183,5716.11183,8.62E-06,0.017077589
563,5466,237583362,8200,water, ,8289.397109,8289.397109,1.78E-05,0.024548632
564,5471,237593462,8200,water, ,4997.016256,4997.016256,1.11E-05,0.014907033
565,5472,237593672,8200,water, ,4988.419108,4988.419108,9.30E-07,0.014675624
566,5474,237594819,8200,water, ,11245.22991,11245.22991,5.82E-06,0.035416841
567,5479,237595999,8200,water, ,3739.198305,3739.198305,1.14E-06,0.011535394
568,5482,237596492,8200,water, ,4296.09878,4296.09878,9.85E-06,0.013761884
569,5483,237596493,8200,water, ,3746.665399,3746.665399,6.58E-06,0.012302122
570,5484,237596615,8200,water, ,4438.201327,4438.201327,9.71E-06,0.013643347
571,5486,237596847,8200,water, ,4282.141895,4282.141895,8.00E-06,0.013451135
572,5489,237597376,8200,water, ,4146.15713,4146.15713,7.40E-06,0.012990334
573,5490,237597672,8200,water,McDonough Lake,9400.33505,9400.33505,2.37E-05,0.029160269
574,5492,237598123,8200,water, ,10969.68466,10969.68466,2.27E-05,0.035444685
575,5493,237598474,8200,water, ,8558.930711,8558.930711,8.02E-06,0.026969818
576,5521,237613066,8200,water, ,3990.822103,3990.822103,2.24E-06,0.012871871
577,5546,237691304,8200,water, ,4166.709317,4166.709317,6.74E-07,0.013470275
578,5551,237709759,8200,water, ,8851.077683,8851.077683,1.33E-06,0.029802946
579,5562,239571083,8200,water, ,4407.284845,4407.284845,8.35E-06,0.014166387
580,5564,239574982,8200,water, ,4783.021973,4783.021973,1.26E-05,0.01473486
581,5567,3278763,8200,water, ,164241.2592,164241.2592,0.000904937,0.535837898
582,5568,3278765,8200,water, ,276099.2888,276099.2888,0.001757115,0.913799535
583,5569,1592434,8200,water, ,318347.109,318347.109,0.001682643,0.972997432
584,5570,1784869,8200,water, ,174498.3658,174498.3658,0.001415149,0.519206398
585,5571,1783287,8200,water, ,467820.0852,467820.0852,0.002206427,1.369224934
586,5583,273367891,8200,water, ,9610.267724,9610.267724,2.12E-05,0.030598123
587,5584,273369051,8200,water, ,9657.414435,9657.414435,2.37E-05,0.031591901
588,5590,273376472,8200,water, ,4145.51455,4145.51455,5.62E-06,0.012346854
589,5592,273376515,8200,water, ,3582.729346,3582.729346,2.64E-06,0.0109324
590,5594,273376612,8200,water, ,8775.640739,8775.640739,1.38E-05,0.028151927
591,5600,273508500,8200,water, ,6716.17819,6716.17819,2.65E-06,0.021101794
592,5602,273509131,8200,water, ,4095.170472,4095.170472,2.60E-06,0.013960274
593,5603,273509359,8200,water, ,11314.40713,11314.40713,1.79E-05,0.036804018
594,5606,273510504,8200,water, ,3906.261111,3906.261111,1.96E-06,0.012128091
595,5607,273510757,8200,water, ,3793.372307,3793.372307,3.83E-06,0.011932337
596,5608,273511057,8200,water, ,4399.848814,4399.848814,2.51E-06,0.013443843
597,5609,273526493,8200,water, ,8172.10325,8172.10325,1.59E-05,0.026732596
598,5610,273526549,8200,water, ,10329.04682,10329.04682,2.70E-05,0.033497193
599,5626,273547044,8200,water, ,6309.838917,6309.838917,4.86E-06,0.020417485
600,5627,273547482,8200,water, ,4453.762794,4453.762794,1.33E-06,0.014447036
601,5634,273550629,8200,water, ,4081.369021,4081.369021,2.12E-06,0.013185973
602,5646,274658416,8200,water, ,3892.398271,3892.398271,1.44E-06,0.012386571
603,5648,274659098,8200,water, ,6871.894409,6871.894409,8.74E-06,0.02104228
604,5652,276365647,8200,water,Lily Lake,4249.356277,4249.356277,1.40E-06,0.014397019
605,5653,276398982,8200,water, ,21590.69092,21590.69092,7.92E-06,0.068011873
606,5660,276612285,8200,water, ,7924.463409,7924.463409,6.42E-06,0.024966801
607,5661,276620962,8200,water, ,4912.373393,4912.373393,3.99E-06,0.015401723
608,5663,3788200,8200,water, ,5327.070949,5327.070949,3.33E-06,0.016698249
609,5664,285608453,8200,water, ,4943.332596,4943.332596,2.93E-06,0.015827907
610,5667,285608596,8200,water, ,3530.598853,3530.598853,2.14E-06,0.010456782
611,5685,307673874,8200,water, ,7362.839737,7362.839737,1.01E-05,0.022331685
612,5694,307676504,8200,water, ,7460.68411,7460.68411,6.30E-06,0.023477123
613,5703,307764821,8200,water, ,4676.987785,4676.987785,2.92E-06,0.014040776
614,5708,311993931,8200,water, ,3535.051044,3535.051044,5.69E-06,0.011079333
615,5709,311993932,8200,water, ,8836.404007,8836.404007,2.42E-05,0.027469567
616,5725,384976813,8200,water,Lake Lou Yaeger,125575.622,125575.622,0.000561939,0.389283886
617,5726,384976821,8200,water,Litchfield Lake,4613.04817,4613.04817,5.50E-06,0.014223153
618,5728,388736903,8200,water, ,3698.607741,3698.607741,2.91E-06,0.011867767
619,5731,5878385,8200,water,Baldwin Lake,81852.54972,81852.54972,0.000820247,0.247720745
620,5743,392518612,8201,reservoir,Lake Christine,5667.810248,5667.810248,6.31E-06,0.017616515
621,5744,392518612,8200,water,Lake Christine,5667.810248,5667.810248,6.31E-06,0.017616515
622,5757,397090030,8200,water, ,3684.423931,3684.423931,7.29E-06,0.011857474
623,5758,2647103,8202,river,Mississippi River,1142022.331,1142022.331,0.009585188,3.487068227
624,5763,933167,8202,river,Missouri River,9632931.317,9632931.317,0.04470669,30.85740454
625,5771,440692587,8200,water, ,3894.437057,3894.437057,3.93E-06,0.012938321
626,5772,440693930,8200,water, ,5392.13318,5392.13318,3.80E-06,0.016311453
627,5777,443291255,8200,water, ,3910.914516,3910.914516,1.69E-06,0.012425912
628,5794,468643881,8200,water,Waterloo Reservoir,5220.867212,5220.867212,1.43E-05,0.015921407
629,5796,468696979,8200,water,Dunlap Lake,34762.69667,34762.69667,4.27E-05,0.108939494
630,5806,468842230,8200,water,Foley Park Lake,4719.549601,4719.549601,1.77E-06,0.015412782
631,5807,468842231,8200,water,Foley Park Lake,7263.6115,7263.6115,1.72E-06,0.02311043
632,5841,468963998,8200,water, ,5344.109894,5344.109894,4.66E-06,0.016448006
633,5847,469235017,8200,water,Grandview Lake,4400.851414,4400.851414,3.36E-06,0.013701264
634,5877,470072168,8200,water, ,5177.028493,5177.028493,4.23E-06,0.016548578
635,5886,478682335,8200,water,Kaskaskia River,12513.28576,12513.28576,1.81E-05,0.037739346
636,5894,482435621,8200,water, ,4203.605915,4203.605915,2.74E-06,0.013106357
637,5913,500540598,8200,water, ,3543.14881,3543.14881,3.85E-06,0.010813529
638,5916,500540601,8200,water, ,5161.593458,5161.593458,8.46E-06,0.015340211
639,5923,7395522,8200,water, ,6344.053739,6344.053739,3.30E-06,0.021053105
640,5930,508544729,8221,wetland, ,6585.228965,6585.228965,1.05E-05,0.0194934
641,5958,7415997,8221,wetland, ,24978.34519,24978.34519,6.22E-05,0.075291711
642,5959,7415997,8221,wetland, ,24978.34519,24978.34519,6.22E-05,0.075291711
643,5960,509309208,8200,water, ,9761.704856,9761.704856,8.22E-06,0.029780651
644,5961,509310763,8221,wetland, ,6924.30166,6924.30166,1.24E-05,0.019706279
